{"cameraMode":{"drawMode":0,"name":"Shaded","section":"Shading Mode"},"sceneLighting":true,"audioPlay":false,"sceneViewState":{"m_AlwaysRefresh":false,"showFog":true,"showSkybox":true,"showFlares":true,"showImageEffects":true,"showParticleSystems":true,"showVisualEffectGraphs":true,"m_FxEnabled":true},"in2DMode":false,"pivot":{"x":1303.7486572265625,"y":876.5867919921875,"z":1285.7467041015625},"rotation":{"x":0.00028761368594132364,"y":-0.9989455938339233,"z":0.04558202996850014,"w":0.006289846729487181},"size":81.39410400390625,"orthographic":false}