{"cameraMode":{"drawMode":0,"name":"Shaded","section":"Shading Mode"},"sceneLighting":false,"audioPlay":false,"sceneViewState":{"m_AlwaysRefresh":false,"showFog":true,"showSkybox":false,"showFlares":true,"showImageEffects":true,"showParticleSystems":true,"showVisualEffectGraphs":true,"m_FxEnabled":true},"in2DMode":false,"pivot":{"x":-10.747143745422364,"y":-3.3647546768188478,"z":-0.9940619468688965},"rotation":{"x":0.035859085619449618,"y":0.3786051571369171,"z":-0.014552057720720768,"w":0.9249671697616577},"size":5.7323527336120609,"orthographic":false}