{"cameraMode":{"drawMode":0,"name":"Shaded","section":"Shading Mode"},"sceneLighting":false,"audioPlay":false,"sceneViewState":{"m_AlwaysRefresh":false,"showFog":true,"showSkybox":false,"showFlares":true,"showImageEffects":true,"showParticleSystems":true,"showVisualEffectGraphs":true,"m_FxEnabled":true},"in2DMode":false,"pivot":{"x":263.623779296875,"y":147.28550720214845,"z":2.4873199462890627},"rotation":{"x":-0.007983298972249031,"y":-0.9800050854682922,"z":0.19699405133724214,"w":-0.04706190899014473},"size":1.5049670934677125,"orthographic":false}