{"cameraMode":{"drawMode":0,"name":"Shaded","section":"Shading Mode"},"sceneLighting":false,"audioPlay":false,"sceneViewState":{"m_AlwaysRefresh":false,"showFog":true,"showSkybox":false,"showFlares":true,"showImageEffects":true,"showParticleSystems":true,"showVisualEffectGraphs":true,"m_FxEnabled":true},"in2DMode":false,"pivot":{"x":-1.7171428203582764,"y":0.5527298450469971,"z":1.0068082809448243},"rotation":{"x":0.10629024356603623,"y":-0.14858199656009675,"z":0.016180163249373437,"w":0.9832435846328735},"size":2.8754916191101076,"orthographic":false}