{"cameraMode":{"drawMode":0,"name":"Shaded","section":"Shading Mode"},"sceneLighting":true,"audioPlay":false,"sceneViewState":{"m_AlwaysRefresh":false,"showFog":true,"showSkybox":true,"showFlares":true,"showImageEffects":true,"showParticleSystems":true,"showVisualEffectGraphs":true,"m_FxEnabled":true},"in2DMode":false,"pivot":{"x":47.90938949584961,"y":1.2348787784576417,"z":268.3674011230469},"rotation":{"x":0.032267674803733829,"y":0.8940561413764954,"z":-0.06403058022260666,"w":0.44409728050231936},"size":10.970218658447266,"orthographic":false}