{"cameraMode":{"drawMode":0,"name":"Shaded","section":"Shading Mode"},"sceneLighting":false,"audioPlay":false,"sceneViewState":{"m_AlwaysRefresh":false,"showFog":true,"showSkybox":false,"showFlares":true,"showImageEffects":true,"showParticleSystems":true,"showVisualEffectGraphs":true,"m_FxEnabled":true},"in2DMode":false,"pivot":{"x":7.006929874420166,"y":-0.39220908284187319,"z":0.9352476596832275},"rotation":{"x":0.10629024356603623,"y":-0.14858199656009675,"z":0.016180163249373437,"w":0.9832435846328735},"size":1.037522792816162,"orthographic":false}